Date	Month	Symbol	Open	High	Low	Close	Volume
1/4/2021	Apr	BTCUSD	3698.02	3737.83	3662.71	51067.84	1001.26
1/4/2021	Apr	BTCUSD	3712.2	3769.99	3694.12	33992.88	10036.63
1/5/2021	Apr	BTCUSD	3731.17	3778.05	3695.07	36397.5	1007.72
1/5/2021	Apr	BTCUSD	3755.75	3783.04	3705.34	58428.9	1014.17
1/6/2021	Apr	BTCUSD	3764.61	3784.32	3723.34	47052.84	1019.19
1/6/2021	Apr	BTCUSD	3764.71	3788.73	3725.62	48280.5	1026.12
1/7/2021	Apr	BTCUSD	3778.05	3804.53	3730.19	49610.32	1027.29
1/7/2021	Apr	BTCUSD	3781.88	3810.78	3732.48	56710	1027.91
1/8/2021	Apr	BTCUSD	3788.73	3811.55	3749.62	62249.6	1036.53
1/8/2021	Apr	BTCUSD	3791.84	3817.86	3755.75	61172.03	1043.91
1/9/2021	Apr	BTCUSD	3793.58	3820.96	3764.71	64857.63	1050.51
1/10/2021	Apr	BTCUSD	3801.62	3823.6	3776.51	49350	1051.66
1/11/2021	Apr	BTCUSD	3802.23	3826.69	3780.37	57163.87	1057.04
1/11/2021	Apr	BTCUSD	3803.14	3830.5	3783.6	42239.94	1058.07
1/12/2021	Apr	BTCUSD	3814.98	3836.83	3789.02	47907	1069.57
1/12/2021	Apr	BTCUSD	3815.05	3843.09	3789.54	34360.84	1073.6
1/13/2021	Apr	BTCUSD	3816.22	3843.67	3791.5	32671.54	1083.12
1/13/2021	Apr	BTCUSD	3818.53	3847.51	3791.84	49596.74	1105.14
1/14/2021	Apr	BTCUSD	3836.66	3851.69	3792.86	57756.25	1105.16
1/14/2021	Apr	BTCUSD	3836.83	3852.31	3797.16	46910.99	1112.09
1/15/2021	Apr	BTCUSD	3839.66	3859.23	3805.59	50292.02	1114.4
1/15/2021	Apr	BTCUSD	3840.27	3859.75	3814.04	61719.1	1116.81
1/16/2021	Apr	BTCUSD	3842.51	3861.08	3816.22	46502.44	1119.63
1/17/2021	Apr	BTCUSD	3844.24	3861.45	3816.68	56380.25	1140.49
1/18/2021	Apr	BTCUSD	3844.39	3870.9	3818.86	33608.78	1153.46
1/19/2021	Apr	BTCUSD	3851.68	3872.42	3819.25	50591.21	1157.04
1/19/2021	Apr	BTCUSD	3851.93	3874.47	3830.41	56520.58	1166.24
1/20/2021	Apr	BTCUSD	3857.07	3881.06	3836.66	59407.55	1166.89
1/20/2021	Apr	BTCUSD	3857.46	3894.56	3842.51	49692.22	1167.15
1/21/2021	Apr	BTCUSD	3862.96	3895.98	3845.05	57934.16	1173.72
1/21/2021	April	BTCUSD	3863.99	3902.92	3847.78	44673.36	1191.06
1/22/2021	April	BTCUSD	3873.71	3903.76	3851.93	48837.62	1213.11
1/22/2021	April	BTCUSD	3878.3	3906.41	3853.5	49567.4	1215.6
1/23/2021	April	BTCUSD	3879.34	3914.5	3859.6	50162.48	1220.79
1/24/2021	April	BTCUSD	3885.55	3915.77	3868.57	59800	1221
1/25/2021	April	BTCUSD	3891.99	3917.35	3874.71	32598.43	1223.1
1/25/2021	April	BTCUSD	3892.59	3918.35	3874.93	66491.25	1229.46
1/26/2021	April	BTCUSD	3903.64	3919.54	3884.94	51638.18	1231.14
1/26/2021	April	BTCUSD	3910.49	3921.98	3885.03	49263.44	1235.89
1/27/2021	April	BTCUSD	3911.65	3925.02	3885.73	39811.54	1237.92
1/27/2021	April	BTCUSD	3913.14	3925.99	3886.75	44094.55	1238.61
1/28/2021	April	BTCUSD	3915.54	3928.65	3889.07	38107.34	1239.87
1/28/2021	April	BTCUSD	3915.8	3930.12	3890.39	47962.79	1247.38
1/29/2021	April	BTCUSD	3915.86	3930.41	3892.59	47381.8	1252.44
1/29/2021	April	BTCUSD	3916.4	3931.5	3900.43	35000	12556.01
1/30/2021	April	BTCUSD	3916.48	3933.61	3901.57	33799.81	1273.26
1/31/2021	April	BTCUSD	3917.12	3937.23	3902.64	48017.93	1275.01
2/1/2021	April	BTCUSD	3918.5	3942.08	3903.07	47629.1	1276.62
2/1/2021	April	BTCUSD	3919.93	3944.99	3905.78	60728	1278.71
2/2/2021	April	BTCUSD	3920.78	3949.13	3910.86	31853.69	1282.07
2/2/2021	April	BTCUSD	3921.16	3950.43	3914.16	60362.18	1286.15
2/3/2021	Aug	BTCUSD	3924.52	3955.31	3915.21	46312.19	1294.1
2/3/2021	Aug	BTCUSD	3937.6	3960.27	3915.54	34877.3	1298.16
2/4/2021	Aug	BTCUSD	3939.61	3968.01	3917.12	33689.58	1319.58
2/4/2021	Aug	BTCUSD	3942.96	3969.62	3923.54	33540.48	1321.23
2/5/2021	Aug	BTCUSD	3949.57	3970.08	3923.85	33087.26	1322.29
2/5/2021	Aug	BTCUSD	3953.5	3978.19	3935.74	33942.22	1323.66
2/6/2021	Aug	BTCUSD	3963.34	3981.04	3943.25	44074.77	1324.73
2/7/2021	Aug	BTCUSD	3967.25	3981.83	3944.35	48839.62	1328.32
2/8/2021	Aug	BTCUSD	3969.31	3983.87	3953.44	62998.68	1328.55
2/8/2021	Aug	BTCUSD	3973.59	3994.41	3966.98	53826.69	1338.83
2/9/2021	Aug	BTCUSD	3992.78	4020.63	3992.78	60415.91	1343.29
2/9/2021	Aug	BTCUSD	4034.44	4083.13	4034.44	60240.83	1344.77
2/10/2021	Aug	BTCUSD	4074.29	4083.42	4056.88	56541.2	1349.19
2/10/2021	Aug	BTCUSD	4074.99	4086.23	4061.41	55548.73	1350.97
2/11/2021	Aug	BTCUSD	4075.57	4098.19	4068.14	31313.83	1355.02
2/11/2021	Aug	BTCUSD	4089.95	4116.93	4068.31	47400.89	1360.76
2/12/2021	Aug	BTCUSD	4096.11	4129.48	4074.99	47995.78	1369.87
2/12/2021	Aug	BTCUSD	4098.45	4131.58	4082.54	33949.79	1379.03
2/13/2021	Aug	BTCUSD	4121.97	4131.76	4095.51	48900.01	1383.21
2/14/2021	Aug	BTCUSD	4124.71	4134.73	4111.53	44024.27	1395.68
2/15/2021	Aug	BTCUSD	4128.42	4148	4114.82	52663.45	1408.74
2/16/2021	Aug	BTCUSD	4129.58	4151.69	4118.38	56362.19	1420.43
2/16/2021	Aug	BTCUSD	4130.1	4159.18	4120.87	68525.75	1421.08
2/17/2021	Aug	BTCUSD	4130.55	4162.04	4121.97	56975.38	1430.31
2/17/2021	Aug	BTCUSD	4138.78	4169.15	4123.69	57820	1432.56
2/18/2021	Aug	BTCUSD	4139.76	4171.92	4124.43	62469.83	1448.49
2/18/2021	Aug	BTCUSD	4141.58	4172.8	4125.99	55914.43	1454.9
2/19/2021	Aug	BTCUSD	4150.34	4173.49	4126.35	63805.12	1466.29
2/19/2021	Aug	BTCUSD	4159.18	4175.02	4128.59	62765.47	1477.09
2/20/2021	Aug	BTCUSD	4165.94	4179.04	4129.58	58596.83	1483.12
2/21/2021	Aug	BTCUSD	4168.61	4179.57	4138.78	33337	1485.76
2/22/2021	August	BTCUSD	4169.14	4180.81	4139.76	54588	1485.78
2/22/2021	August	BTCUSD	4169.92	4183.13	4142.69	57404.47	1487.28
2/23/2021	August	BTCUSD	4170.16	4187.72	4147.33	61133.24	1488.56
2/23/2021	August	BTCUSD	4170.46	4188.72	4150.47	55762.28	1494.9
2/24/2021	August	BTCUSD	4173.4	4191.31	4151.72	54883.25	1508.58
2/24/2021	August	BTCUSD	4174.14	4193.35	4160.94	43601.2	1511.58
2/25/2021	August	BTCUSD	4177.06	4194.17	4164.4	47101.27	1516.06
2/25/2021	August	BTCUSD	4179.04	4194.19	4167.93	42565.16	1531.06
2/26/2021	August	BTCUSD	4179.8	4198.1	4170.16	31924.93	1534.41
2/26/2021	August	BTCUSD	4185.03	4201.53	4170.75	53750.01	1561.01
2/27/2021	August	BTCUSD	4185.14	4202.61	4173.4	39982.79	1561.72
2/28/2021	August	BTCUSD	4188.25	4202.7	4174.85	34536.71	1562.38
3/1/2021	August	BTCUSD	4191.43	4204.39	4176.22	46743.4	1563.22
3/1/2021	August	BTCUSD	4191.59	4204.78	4176.81	45948.06	1565.84
3/2/2021	August	BTCUSD	4191.98	4209.39	4181.78	47042.28	1566
3/2/2021	August	BTCUSD	4198.1	4209.52	4182.36	58073.82	1574.7
3/3/2021	August	BTCUSD	4201.94	4213.38	4182.52	56423.5	1584.78
3/3/2021	August	BTCUSD	4204.78	4213.42	4184.11	58187.76	1591.2
3/4/2021	August	BTCUSD	4205.94	4217.37	4188.03	46806.83	1591.71
3/4/2021	August	BTCUSD	4206.05	4218.36	4188.13	57793.71	1594.38
3/5/2021	August	BTCUSD	4206.14	4218.78	4196.05	56705.84	1595.58
3/5/2021	August	BTCUSD	4206.82	4226.24	4197.59	47571.64	1609.57
3/6/2021	Dec	BTCUSD	4210.34	4232.29	4197.78	35520.66	1611.01
3/7/2021	Dec	BTCUSD	4210.77	4232.34	4198.27	37655.54	1612.75
3/8/2021	Dec	BTCUSD	4216.52	4233.45	4201.64	54312.41	1628.45
3/8/2021	Dec	BTCUSD	4220.37	4234.12	4202.45	36702.88	1649.4
3/9/2021	Dec	BTCUSD	4224.61	4236.39	4203.57	61234.9	1652.99
3/9/2021	Dec	BTCUSD	4228.29	4236.74	4206.05	54804.02	1655.31
3/10/2021	Dec	BTCUSD	4228.56	4237.09	4208.41	47931	1666.41
3/10/2021	Dec	BTCUSD	4229.34	4238.04	4215.66	33585.44	1668.48
3/11/2021	Dec	BTCUSD	4232.99	4248.38	4217.27	59143.58	1679.55
3/11/2021	Dec	BTCUSD	4233.81	4249.74	4218.74	48838.59	1684.17
3/12/2021	Dec	BTCUSD	4242.9	4251.89	4220.34	48405.03	1686.8
3/12/2021	Dec	BTCUSD	4248.31	4255.59	4232.25	46435.44	1687.08
3/13/2021	Dec	BTCUSD	4248.87	4255.84	4233.13	51561.6	1691.52
3/14/2021	Dec	BTCUSD	4249.27	4256.6	4234.07	58545.16	1692.08
3/15/2021	Dec	BTCUSD	4255.28	4257.16	4238.35	44301	1699.82
3/15/2021	Dec	BTCUSD	4256.97	4271.28	4241.43	59407.78	1710.38
3/16/2021	Dec	BTCUSD	4265.11	4286.12	4256.97	56289.06	1713.92
3/16/2021	Dec	BTCUSD	4274.45	4292.14	4262.05	49587.2	1736.03
3/17/2021	Dec	BTCUSD	4284.9	4296.4	4271.16	52450.8	1736.99
3/17/2021	Dec	BTCUSD	4290.65	4300.52	4274.67	61669.43	1737.13
3/18/2021	Dec	BTCUSD	4293.21	4302.43	4278.94	46968.47	1749.04
3/18/2021	Dec	BTCUSD	4296.4	4320.66	4287.04	49320.94	1755.41
3/19/2021	Dec	BTCUSD	4300.73	4330.88	4287.96	35089.93	1759.94
3/19/2021	Dec	BTCUSD	4309.87	4336.84	4288.52	45594.16	1768.99
3/20/2021	Dec	BTCUSD	4317.16	4355.43	4289.37	54710.81	1771.2
3/21/2021	Dec	BTCUSD	4319.57	4355.51	4290.49	48648.76	1774.93
3/22/2021	Dec	BTCUSD	4321.07	4356.46	4300.73	57111.63	1776.09
3/22/2021	Dec	BTCUSD	4326.6	4359.7	4305.91	45181.52	1783.43
3/23/2021	Dec	BTCUSD	4329.38	4361.88	4306.24	52055.9	1784.77
3/23/2021	Dec	BTCUSD	4331.13	4365.57	4309.87	37963.61	1786.28
3/24/2021	Dec	BTCUSD	4348.84	4369.02	4314.37	60944.13	1790.8
3/24/2021	December	BTCUSD	4351.01	4369.23	4322.53	63257.57	1791.9
3/25/2021	December	BTCUSD	4356.46	4369.87	4326.6	59885.21	1794.84
3/25/2021	December	BTCUSD	4358.01	4371.6	4329.38	38411.14	18000.98
3/26/2021	December	BTCUSD	4361.27	4372.87	4329.79	53531.94	1804.88
3/26/2021	December	BTCUSD	4362.41	4374.89	4329.92	38650	1815.1
3/27/2021	December	BTCUSD	4367.43	4375.09	4331.13	45205.46	1840.77
3/28/2021	December	BTCUSD	4367.43	4375.19	4340.7	36215.22	1855.53
3/29/2021	December	BTCUSD	4368.31	4382.55	4342.09	58884.7	1865.12
3/29/2021	December	BTCUSD	4369.02	4385.57	4346.33	58272.25	1869.51
3/30/2021	December	BTCUSD	4370.67	4386.68	4347.96	53931.34	1880.72
3/30/2021	December	BTCUSD	4372.41	4392.37	4350.06	48749.78	1887.71
3/31/2021	December	BTCUSD	4374.45	4393.68	4355.08	43628.16	1891.52
3/31/2021	December	BTCUSD	4380.11	4394.87	4360.59	39440.62	1911.35
4/1/2021	December	BTCUSD	4381.07	4402.95	4362.36	63870.2	1914.15
4/1/2021	December	BTCUSD	4381.2	4412.02	4364.03	54375.12	1916.14
4/2/2021	December	BTCUSD	4382.44	4412.25	4366.92	53466.19	1933.15
4/3/2021	December	BTCUSD	4383.73	4415.18	4367.43	48383.6	1938.26
4/4/2021	December	BTCUSD	4385.44	4415.47	4367.73	58687.36	1950.94
4/5/2021	December	BTCUSD	4386.75	4415.88	4372.51	56559.59	1994.91
4/5/2021	December	BTCUSD	4392.74	4416.17	4373	49670.85	2001.31
4/6/2021	December	BTCUSD	4395.12	4416.38	4381.2	38897.95	2002.11
4/6/2021	December	BTCUSD	4402.95	4416.75	4383.73	51241.23	2002.6
4/7/2021	Feb	BTCUSD	4402.95	4418.61	4384.81	57155.81	2020.26
4/7/2021	Feb	BTCUSD	4403.59	4419.54	4386.22	43529.34	2023.49
4/8/2021	Feb	BTCUSD	4406.51	4422.18	4386.75	35591.29	2027.8
4/8/2021	Feb	BTCUSD	4406.75	4422.73	4387.01	34132.04	2031.63
4/9/2021	Feb	BTCUSD	4406.86	4423.79	4389.65	39415.76	2032.78
4/9/2021	Feb	BTCUSD	4408.86	4429.76	4397.59	34465.35	2039.5
4/10/2021	Feb	BTCUSD	4409.58	4429.97	4400.23	55971.68	2062.29
4/11/2021	Feb	BTCUSD	4410.56	4429.97	4403.59	32954.75	2063.01
4/12/2021	Feb	BTCUSD	4415.95	4439.39	4405.45	29853.86	2075.28
4/12/2021	Feb	BTCUSD	4416.38	4439.73	4406.75	36509.42	2083.84
4/13/2021	Feb	BTCUSD	4419.54	4440.82	4406.8	63773.18	2091.43
4/13/2021	Feb	BTCUSD	4429.07	4444.35	4408.86	42210.47	2104.5
4/14/2021	Feb	BTCUSD	4435.79	4445.21	4417.83	33589.89	2134.59
4/14/2021	Feb	BTCUSD	4437.77	4449.44	4424.74	61354.75	2135.31
4/15/2021	Feb	BTCUSD	4438.04	4454.32	4427.76	51012.43	2139.33
4/15/2021	Feb	BTCUSD	4440.94	4457.3	4429.07	38271.59	2140.75
4/16/2021	Feb	BTCUSD	4442.12	4461.77	4430.03	45078.79	2149.38
4/16/2021	Feb	BTCUSD	4442.18	4462.12	4430.27	47185.29	2174.9
4/17/2021	Feb	BTCUSD	4446.08	4463.12	4435.46	29605.35	2184.44
4/18/2021	Feb	BTCUSD	4447.49	4465.4	4435.96	46408.05	2188.54
4/19/2021	Feb	BTCUSD	4447.69	4468.37	4436.19	4725.79	2194630000
4/19/2021	Feb	BTCUSD	4450.29	4471.52	4436.42	46845.94	2205
4/20/2021	Feb	BTCUSD	4461.65	4475.82	4437.66	34805.29	2212.16
4/20/2021	Feb	BTCUSD	4462.12	4480.26	4438.37	4786.35	2217050000
4/21/2021	Feb	BTCUSD	4463.72	4485.68	4443.8	34388.62	2229.39
4/21/2021	Feb	BTCUSD	4464.84	4485.87	4445.7	43720	2238.33
4/22/2021	Feb	BTCUSD	4469.74	4486.87	4447.47	32933.44	2240.46
4/22/2021	Feb	BTCUSD	4474.1	4488.75	4447.69	53508.08	2243.11
4/23/2021	February	BTCUSD	4474.81	4489.88	4450.29	35100	2257.34
4/23/2021	February	BTCUSD	4477.09	4492.81	4457.66	4791.19	2264120000
4/24/2021	February	BTCUSD	4479.33	4492.99	4460.82	46005.27	2277.31
4/25/2021	February	BTCUSD	4484.4	4495.9	4468.99	37419.82	2300.76
4/26/2021	February	BTCUSD	4490.45	4501.71	4474.1	62450	2319.6
4/26/2021	February	BTCUSD	4493.75	4513.33	4482.28	36467.28	2328.35
4/27/2021	February	BTCUSD	4497.34	4520.4	4485.66	36483.57	2347.26
4/27/2021	February	BTCUSD	4504.73	4520.47	4492.07	55255.57	2353.91
4/28/2021	February	BTCUSD	4506.92	4521.79	4493.95	55511.37	2363.15
4/28/2021	February	BTCUSD	4513.02	4529.9	4495.12	4793.06	2369370000
4/29/2021	February	BTCUSD	4513.76	4531.39	4496.41	4468	2371630000
4/29/2021	February	BTCUSD	4518.09	4535.38	4504.73	4778.73	2390990000
4/30/2021	February	BTCUSD	4524.42	4537.11	4510.27	4391.34	2401890000
4/30/2021	February	BTCUSD	4528.8	4537.36	4513	38988.5	2406.83
5/1/2021	February	BTCUSD	4529.75	4540.87	4513.76	47938.87	2413.87
5/2/2021	February	BTCUSD	4532.24	4541.45	4515.8	37484.18	2418.86
5/3/2021	February	BTCUSD	4532.42	4545.85	4521.3	45206.43	2422.25
5/3/2021	February	BTCUSD	4534.48	4551.44	4522.02	56900.44	2430.66
5/4/2021	February	BTCUSD	4535.38	4559.67	4524	4696.56	2439570000
5/4/2021	Jan	BTCUSD	4546.12	4572.62	4524.4	4766.18	2446190000
5/5/2021	Jan	BTCUSD	4548.37	4584.57	4524.66	36025.16	2454.43
5/5/2021	Jan	BTCUSD	4553.69	4587.9	4526.89	4701.46	2464040000
5/6/2021	Jan	BTCUSD	4562.84	4595.46	4531.1	45513.94	2479.69
5/6/2021	Jan	BTCUSD	4572.87	4597.55	4537.36	31557.64	2502.78
5/7/2021	Jan	BTCUSD	4578.69	4598.53	4540.51	47339.92	2507.35
5/7/2021	Jan	BTCUSD	4580.22	4608.03	4551.66	37938.2	2524.23
5/8/2021	Jan	BTCUSD	4587.9	4608.08	4560	4519.63	2531210000
5/9/2021	Jan	BTCUSD	4589.49	4612.6	4562.84	31852.6	2542.86
5/10/2021	Jan	BTCUSD	4594.96	4620.34	4567.59	4460.83	2543860000
5/10/2021	Jan	BTCUSD	4602.82	4635.15	4569.17	4496.19	2554680000
5/11/2021	Jan	BTCUSD	4610.62	4646.02	4583.16	52152.85	2556.02
5/11/2021	Jan	BTCUSD	4613.34	4651.14	4585.43	4528.79	2557300000
5/12/2021	Jan	BTCUSD	4628.75	4652.94	4595.06	37551.56	2559.71
5/12/2021	Jan	BTCUSD	4630.65	4660.47	4600.22	4649.23	2564370000
5/13/2021	Jan	BTCUSD	4631.97	4663.46	4606.52	4443.05	2568730000
5/13/2021	Jan	BTCUSD	4636.46	4664.55	4611.22	4361.19	2580000000
5/14/2021	Jan	BTCUSD	4640.25	4664.63	4613.34	55194.75	2583.42
5/14/2021	Jan	BTCUSD	4642.99	4666.7	4621.19	55992.97	2586.09
5/15/2021	Jan	BTCUSD	4650.36	4672.95	4625.26	47624.29	2589
5/16/2021	Jan	BTCUSD	4652.5	4683	4630.86	41840.36	2600.84
5/17/2021	Jan	BTCUSD	4655.24	4684.85	4631.97	4350.65	2608150000
5/17/2021	Jan	BTCUSD	4659.39	4688.47	4645.53	4535.43	2609660000
5/18/2021	Jan	BTCUSD	4662.93	4694.04	4648.31	4682.8	2618980000
5/18/2021	Jan	BTCUSD	4664.63	4695.26	4650.77	4649.27	2623140000
5/19/2021	Jan	BTCUSD	4670.26	4697.42	4651.89	4352.34	2628550000
5/19/2021	Jan	BTCUSD	4675.78	4697.67	4652.66	62600	2631.53
5/20/2021	Jan	BTCUSD	4678.48	4699.39	4659.89	37380.18	2637.09
5/20/2021	January	BTCUSD	4679.42	4701.5	4662.59	4438.26	2642920000
5/21/2021	January	BTCUSD	4687.64	4702.87	4665.98	52435.9	2662.93
5/21/2021	January	BTCUSD	4689.3	4705.06	4667.6	4536.19	2671560000
5/22/2021	January	BTCUSD	4690.86	4708.53	4670.24	4594.62	2676740000
5/23/2021	January	BTCUSD	4691	4708.8	4670.87	40490.5	2678.95
5/24/2021	January	BTCUSD	4699.26	4710.3	4672.78	4422.3	2679110000
5/24/2021	January	BTCUSD	4700.72	4712.6	4672.86	4486.46	2683540000
5/25/2021	January	BTCUSD	4701.48	4713.57	4674.52	38706.52	2686.51
5/25/2021	January	BTCUSD	4701.5	4714.92	4679.42	40043.69	2687.61
5/26/2021	January	BTCUSD	4703.96	4714.95	4681.32	4470	2704600000
5/26/2021	January	BTCUSD	4707.25	4717.75	4682.17	4479.71	2707170000
5/27/2021	January	BTCUSD	4708.44	4718.5	4684.41	40429.38	2719.45
5/27/2021	January	BTCUSD	4710.3	4731.99	4694.22	59050.45	2725.2
5/28/2021	January	BTCUSD	4712	4740.74	4694.39	35075.53	2726.29
5/28/2021	January	BTCUSD	4719.13	4743.83	4703.96	4429.1	2734220000
5/29/2021	January	BTCUSD	4733.99	4786.83	4733.99	4369.55	2738280000
5/30/2021	January	BTCUSD	4775.21	4786.83	4765.75	37962.25	2750.52
5/31/2021	January	BTCUSD	4788.64	4791.49	4775.33	4359.46	2753800000
6/1/2021	January	BTCUSD	4794.23	4804.06	4778.08	49597.23	2756.27
6/1/2021	Jul	BTCUSD	4795.49	4807.02	4780.04	4455.48	2772090000
6/2/2021	Jul	BTCUSD	29605.35	4808.93	27632.34	49649.93	2776.27
6/2/2021	Jul	BTCUSD	29853.86	30005.72	28700	4432.35	2779880000
6/3/2021	Jul	BTCUSD	30943.32	31890.59	28800	38875	2783.6
6/3/2021	Jul	BTCUSD	31203.46	32059.73	28801	61706.36	2789.79
6/4/2021	Jul	BTCUSD	31313.83	32200.55	29191.9	50266.89	2798.46
6/4/2021	Jul	BTCUSD	31514.54	32252.21	29284.35	4442.41	2803060000
6/5/2021	Jul	BTCUSD	31547.22	32437.07	29500	54409.03	2804.1
6/6/2021	Jul	BTCUSD	31557.64	32691.72	29853.86	4514.07	2808480000
6/7/2021	Jul	BTCUSD	31852.6	32806.46	29914.5	4419.15	2815510000
6/7/2021	Jul	BTCUSD	31853.69	32950	30142.68	34629.88	2816.74
6/8/2021	Jul	BTCUSD	31924.93	32951	30250	54586.65	2832.89
6/8/2021	Jul	BTCUSD	31947.52	33189.99	30473.87	4448.98	2833290000
6/9/2021	Jul	BTCUSD	31983.86	33209.59	30833.97	65077.99	2836.59
6/9/2021	Jul	BTCUSD	32169.82	33334.71	30866.39	4700.9	2838210000
6/10/2021	Jul	BTCUSD	32393.63	33479.49	30958	4436.52	2839970000
6/10/2021	Jul	BTCUSD	32500	33493.24	31000.01	4458.58	2851140000
6/11/2021	Jul	BTCUSD	32598.43	33672.18	31027.01	4667.45	2851660000
6/11/2021	Jul	BTCUSD	32606.96	33800	31104.14	52068.01	2858.2
6/12/2021	Jul	BTCUSD	32671.54	33841.46	31123	4712.02	2858310000
6/13/2021	Jul	BTCUSD	32843.15	33880	31135	4395.26	2861600000
6/14/2021	Jul	BTCUSD	32898.06	33926.45	31176.42	4509.37	2862360000
6/14/2021	Jul	BTCUSD	32933.44	34195.26	31206.23	4682.85	2865790000
6/15/2021	Jul	BTCUSD	32954.75	34205	31303.71	4574.79	2866500000
6/15/2021	Jul	BTCUSD	33029.77	34262.53	31444	4441.67	2867770000
6/16/2021	Jul	BTCUSD	33087.26	34392.05	31481.38	32393.63	2869.23
6/16/2021	Jul	BTCUSD	33149.18	34475.55	31601.59	57479.64	288.3
6/17/2021	Jul	BTCUSD	33289.13	34525.5	31661.01	54832.2	2880.08
6/17/2021	Jul	BTCUSD	33337	34536.29	31732.34	4448.08	2884000000
6/18/2021	Jul	BTCUSD	33420.84	34559.72	31968.27	4536.95	2897010000
6/18/2021	Jul	BTCUSD	33540.48	34602	32000	34603.74	2900.01
6/19/2021	July	BTCUSD	33585.44	34670.21	32101	4367.48	2907910000
6/20/2021	July	BTCUSD	33589.89	34671.77	32178.29	63243.4	2908.73
6/21/2021	July	BTCUSD	33608.78	34700	32200	39572.33	2909.35
6/21/2021	July	BTCUSD	33617.3	34702.68	32315.01	4387.16	2919940000
6/22/2021	July	BTCUSD	33689.58	34805.65	32355.04	63063.72	2922.03
6/22/2021	July	BTCUSD	33799.81	34851.2	32374.05	34591.62	2923.54
6/23/2021	July	BTCUSD	33804.23	34885.56	32400.01	4613.67	2924000000
6/23/2021	July	BTCUSD	33864.01	34942.56	32575.84	4363.8	2926460000
6/24/2021	July	BTCUSD	33942.22	34983.42	32625.74	4197.05	2947400000
6/24/2021	July	BTCUSD	33949.79	35000	32669.89	35129.23	2958.68
6/25/2021	July	BTCUSD	33992.88	35098.28	32700	36784.37	2959.52
6/25/2021	July	BTCUSD	34132.04	35100	32722.69	42089.88	2962.61
6/26/2021	July	BTCUSD	34192.14	35114.32	32800	4400.27	2965210000
6/27/2021	July	BTCUSD	34228.19	35274.9	33046	4479.53	2965520000
6/28/2021	July	BTCUSD	34360.84	35286.03	33094.64	64785.34	2966.58
6/28/2021	July	BTCUSD	34388.62	35333.25	33100	4345.72	2967400000
6/29/2021	July	BTCUSD	34452.39	35964.95	33100	4384.63	2983980000
6/29/2021	July	BTCUSD	34465.35	35985.71	33106.09	46309.88	2992.16
6/30/2021	July	BTCUSD	34536.71	36128.13	33153.17	4471.37	3000560000
6/30/2021	July	BTCUSD	34591.62	36222.8	33333.01	35095.44	3012.66
7/1/2021	July	BTCUSD	34603.74	36323.25	33333.01	4549.78	3016950000
7/1/2021	Jun	BTCUSD	34629.88	36464.63	33400	4159.12	3019060000
7/2/2021	Jun	BTCUSD	34670	36523.24	33410.29	31947.52	3023.28
7/2/2021	Jun	BTCUSD	34805.29	36545.05	33466.62	4443.11	3032870000
7/3/2021	Jun	BTCUSD	34877.3	36651.34	33500	4493.28	3035300000
7/4/2021	Jun	BTCUSD	35000	36661.8	33530.4	4486.23	3037770000
7/5/2021	Jun	BTCUSD	35075.53	36798.03	33535.61	4354.19	3044300000
7/6/2021	Jun	BTCUSD	35089.93	36812.09	33582.4	4291.8	3049560000
7/6/2021	Jun	BTCUSD	35095.44	36840.11	33685.82	34228.19	3056.56
7/7/2021	Jun	BTCUSD	35100	37320	33868.96	4701.21	3061550000
7/7/2021	Jun	BTCUSD	35129.23	37448.02	33885.15	4544.9	3062810000
7/8/2021	Jun	BTCUSD	35318.86	37469.21	33894.22	61624.84	3069.46
7/8/2021	Jun	BTCUSD	35435.13	37484.18	34050	4319.94	3077580000
7/9/2021	Jun	BTCUSD	35520.66	37676.6	34200	4358.69	3078550000
7/9/2021	Jun	BTCUSD	35591.29	37690	34211.29	49023.76	3079.22
7/10/2021	Jun	BTCUSD	36025.16	37824.48	34298.01	4522.68	3090380000
7/11/2021	Jun	BTCUSD	36215.22	37912.87	34353.63	45727.39	3092.3
7/12/2021	Jun	BTCUSD	36397.5	37918.57	34426.41	4399.76	3096080000
7/12/2021	Jun	BTCUSD	36467.28	37934.2	34556.07	4468.73	3096390000
7/13/2021	Jun	BTCUSD	36483.57	37949.71	34558	4520.03	3098870000
7/13/2021	Jun	BTCUSD	36503.31	37963.61	34655.99	64673.28	310.01
7/14/2021	Jun	BTCUSD	36509.42	38129.09	34778	37672.47	3101.07
7/14/2021	Jun	BTCUSD	36549.31	38188.33	34792.66	4524.09	3101830000
7/15/2021	Jun	BTCUSD	36702.88	38256.4	34820	4685.25	3110230000
7/15/2021	Jun	BTCUSD	36784.37	38271.59	34845.33	4300.46	3110560000
7/16/2021	Jun	BTCUSD	36851.52	38375	34970.25	4405.8	3120840000
7/16/2021	Jun	BTCUSD	36963.52	38437.02	35005	4307.54	3123770000
7/17/2021	Jun	BTCUSD	36982.83	38665.71	35259.98	4266.49	3141680000
7/18/2021	Jun	BTCUSD	37040.7	38785.99	35272.09	55761.1	3143.93
7/19/2021	Jun	BTCUSD	37380.18	38824.81	35307.69	4357.04	3148980000
7/19/2021	Jun	BTCUSD	37419.82	38849.96	35400.01	4480.7	3154760000
7/20/2021	June	BTCUSD	37484.18	38861.15	35580.82	4327.16	3165160000
7/20/2021	June	BTCUSD	37551.56	39487.91	35583.18	4369.21	3166900000
7/21/2021	June	BTCUSD	37613.11	39575.03	35687	4241.84	3172440000
7/21/2021	June	BTCUSD	37655.54	39700	35819.67	4596.42	3197560000
7/22/2021	June	BTCUSD	37672.47	39748.96	36129.05	4247.44	3204280000
7/22/2021	June	BTCUSD	37938.2	39760.96	36211.08	4682.94	3206280000
7/23/2021	June	BTCUSD	37962.25	39782.93	36400	4246.44	3208760000
7/23/2021	June	BTCUSD	37963.61	39816.72	36478.97	4374.3	3213870000
7/24/2021	June	BTCUSD	38107.34	39953.65	36489.42	4400.64	3215130000
7/25/2021	June	BTCUSD	38271.59	39973.96	36713.13	4363.55	3219590000
7/26/2021	June	BTCUSD	38312.57	40112.79	36751.4	4436.75	3219840000
7/26/2021	June	BTCUSD	38388.09	40366.57	37057.78	4688.67	3221250000
7/27/2021	June	BTCUSD	38411.14	40396	37117.09	4360.03	3226930000
7/27/2021	June	BTCUSD	38474.78	40432.4	37221.62	4358.13	3243900000
7/28/2021	June	BTCUSD	38650	40446.58	37302.06	50195.42	3250.51
7/28/2021	June	BTCUSD	38706.52	40490.02	37311.06	4566.48	3250210000
7/29/2021	June	BTCUSD	38875	40572.45	37400	4173.85	3251920000
7/29/2021	June	BTCUSD	38897.95	40639.14	37400	47555.51	3254.02
7/30/2021	June	BTCUSD	38988.5	40861.2	37472.15	4551.68	3259510000
7/30/2021	June	BTCUSD	39415.76	40867.4	37558.09	4697.96	3265600000
7/31/2021	June	BTCUSD	39440.62	40928.46	37574.79	4395.64	3273670000
8/1/2021	June	BTCUSD	39572.33	41000	38059.01	54838.9	3288.23
8/2/2021	Mar	BTCUSD	39638.77	41060.77	38060.68	4634.09	3292740000
8/2/2021	Mar	BTCUSD	39811.54	41196.62	38200	47440	3297.57
8/3/2021	Mar	BTCUSD	39848.44	41380.02	38350	4423.15	3305340000
8/3/2021	Mar	BTCUSD	39982.79	41431.18	38368.69	4591.67	3305690000
8/4/2021	Mar	BTCUSD	40043.69	41470.21	38515	4163.29	3307130000
8/4/2021	Mar	BTCUSD	40250.79	41796.74	38768.82	4630.65	3309690000
8/5/2021	Mar	BTCUSD	40279.03	41999.99	38803.47	4473.75	3321030000
8/5/2021	Mar	SP500	40429.38	42400	38807.5	4668.97	3322050000
8/6/2021	Mar	SP500	40490.5	42475.28	39213.05	4680.06	3332940000
8/6/2021	Mar	SP500	40570.98	42600	39409.4	4686.75	3334320000
8/7/2021	Mar	SP500	40773.52	42625.43	39503.9	4704.54	3335620000
8/8/2021	Mar	SP500	41840.36	42771.12	39590	44391.34	3336.16
8/9/2021	Mar	SP500	42089.88	42985.06	39897.39	4660.57	3339440000
8/9/2021	Mar	SP500	42210.47	43655.53	40118	4155.86	3344620000
8/10/2021	Mar	SP500	42239.94	43726.63	40137.98	4709.85	3367580000
8/10/2021	Mar	SP500	42461.13	43792.42	40696	4401.46	3381080000
8/11/2021	Mar	SP500	42565.16	44097.7	40764.26	4402.66	3382620000
8/11/2021	Mar	SP500	42650	44231.92	40801.19	4224.79	3391740000
8/12/2021	Mar	SP500	42688.03	44250.76	40908.41	4320.82	3393780000
8/12/2021	Mar	SP500	42902.09	44350	41072.59	4568.02	3395780000
8/13/2021	Mar	SP500	43529.34	44837.59	41677.82	32606.96	3413.98
8/13/2021	Mar	SP500	43601.2	45062.97	41836.59	4290.61	3415610000
8/14/2021	Mar	SP500	43628.16	45157.81	41980.4	4188.13	3420870000
8/15/2021	Mar	SP500	43720	45386.81	42074.62	4690.7	3428780000
8/16/2021	Mar	SP500	44024.27	45833.48	42080	4343.54	3437900000
8/16/2021	Mar	SP500	44074.77	45837.9	42460	54255.04	3453.09
8/17/2021	Mar	SP500	44094.55	45860.17	42600	4701.7	3465720000
8/17/2021	Mar	SP500	44301	46001.33	42702.71	4655.27	3471380000
8/18/2021	Mar	SP500	44391.34	46023.08	42793	4115.68	3485550000
8/18/2021	Mar	SP500	44619.12	46031	42813.74	4229.89	3487070000
8/19/2021	Mar	SP500	44673.36	46183.47	43033.66	4411.79	3490730000
8/19/2021	March	SP500	44824.75	46504.62	43295.22	4697.53	3491150000
8/20/2021	March	SP500	45078.79	46729.86	43389.94	4352.63	3495970000
8/20/2021	March	SP500	45181.52	46775	43400	4239.18	3502480000
8/21/2021	March	SP500	45205.46	46812.87	43472.59	32843.15	3518.6
8/22/2021	March	SP500	45206.43	46885.38	43762.99	36503.31	3541.35
8/23/2021	March	SP500	45311.46	46897	43800	38312.57	3558.08
8/23/2021	March	SP500	45513.94	46920	43902.53	4127.83	3559790000
8/24/2021	March	SP500	45553.62	47162.94	44055	4180.17	3568080000
8/24/2021	March	SP500	45594.16	47367.17	44121.24	4246.59	3578450000
8/25/2021	March	SP500	45727.39	47396.38	44156.88	4127.99	3578500000
8/25/2021	March	SP500	45948.06	47424.13	44211.13	4646.71	3581630000
8/26/2021	March	SP500	46005.27	47498.54	44248	33149.18	3583.91
8/26/2021	March	SP500	46309.88	47519.31	44419.5	4668.67	3592810000
8/27/2021	March	SP500	46312.19	47744.5	44457.55	4152.1	3593110000
8/27/2021	March	SP500	46408.05	47900	44510	4255.15	3612050000
8/28/2021	March	SP500	46435.44	47949.3	44535.26	4605.38	3632260000
8/29/2021	March	SP500	46490.38	47980.93	44642.21	4323.06	3634190000
8/30/2021	March	SP500	46502.44	48027.3	44758.59	4128.8	3634910000
8/30/2021	March	SP500	46653.5	48044.25	44952.59	4195.99	3674490000
8/31/2021	March	SP500	46709.08	48053.14	45000	4188.43	3678970000
8/31/2021	March	SP500	46743.4	48075.97	45037.8	31983.86	3682.14
9/1/2021	March	SP500	46845.94	48082.61	45067.51	39638.77	3682.36
9/1/2021	March	SP500	46910.99	48165.96	45175.2	4112.5	3687780000
9/2/2021	May	SP500	46968.47	48181.51	45250.51	4297.5	3687880000
9/2/2021	May	SP500	47042.28	48194.13	45426.58	49103.01	3697.03
9/3/2021	May	SP500	47052.84	48201.23	45463.96	4186.72	3703240000
9/3/2021	May	SP500	47101.27	48246.6	45509.51	40250.79	3715.5
9/4/2021	May	SP500	47151.91	48261.59	45579.18	57175.61	3720.3
9/5/2021	May	SP500	47185.29	48306.22	45618.84	4223.7	3722050000
9/6/2021	May	SP500	47207.99	48333.32	45641.11	4141.59	3728440000
9/7/2021	May	SP500	47339.92	48346.7	45651.86	4063.04	3735080000
9/7/2021	May	SP500	47360.43	48380.14	45700.01	4187.62	3738920000
9/8/2021	May	SP500	47381.8	48455.16	45830.01	4577.1	3771510000
9/8/2021	May	SP500	47400.89	48472.08	45945.3	4183.18	3772390000
9/9/2021	May	SP500	47440	48495.68	46000	4357.73	3773680000
9/9/2021	May	SP500	47509.65	48500	46045.86	4163.26	3788020000
9/10/2021	May	SP500	47555.51	48578.35	46100	4226.52	3835570000
9/10/2021	May	SP500	47571.64	48735.71	46255	4173.42	3865820000
9/11/2021	May	SP500	47624.29	48784.28	46287.63	47360.43	3900.71
9/12/2021	May	SP500	47629.1	48808.97	46289.93	4097.17	3901910000
9/13/2021	May	SP500	47745.99	48975	46290.25	4219.55	3902870000
9/13/2021	May	SP500	47779.8	49243	46297.47	42902.09	3937.04
9/14/2021	May	SP500	47854.23	49259.3	46334.68	4227.26	3943870000
9/14/2021	May	SP500	47899.79	49313.26	46350	4221.86	3952110000
9/15/2021	May	SP500	47907	49348.69	46443.16	4538.43	3971500000
9/15/2021	May	SP500	47931	49365.42	46496.19	4124.66	3976540000
9/16/2021	May	SP500	47938.87	49400	46500	55911.16	3999.42
9/16/2021	May	SP500	47954.56	49408.07	46524.71	4077.91	3999760000
9/17/2021	May	SP500	47962.79	49455.61	46539	49705.21	400.67
9/17/2021	May	SP500	47989.58	49466.29	46603.36	4232.6	4013060000
9/18/2021	May	SP500	47995.78	49500	46714.57	4170.42	4027680000
9/19/2021	May	SP500	48017.93	49548.86	46717.24	4073.94	4027880000
9/20/2021	May	SP500	48267.19	49598.11	46730.15	4167.59	4029050000
9/20/2021	May	SP500	48280.5	49600	46754.93	3915.46	4043170000
9/21/2021	May	SP500	48331.11	49650	46759.2	37040.7	4049.91
9/21/2021	May	SP500	48383.6	49699.99	46926.68	4192.66	4061170000
9/22/2021	May	SP500	48405.03	49700	46962.39	4513.04	4078260000
9/22/2021	May	SP500	48545.38	49757.22	46980.44	3958.55	4103570000
9/23/2021	May	SP500	48648.76	49786.95	47000	4079.95	4112640000
9/23/2021	May	SP500	48749.78	49789.33	47000	3934.83	4119260000
9/24/2021	May	SP500	48837.62	49790	47041.24	4202.04	4122960000
9/24/2021	May	SP500	48838.59	49812.54	47076.52	4019.87	4151240000
9/25/2021	May	SP500	48839.62	49834.68	47096.87	4258.49	4155790000
9/26/2021	May	SP500	48899.75	49867.71	47112.12	4185.47	4157430000
9/27/2021	May	SP500	48900.01	49900	47144	36982.83	4190.37
9/27/2021	May	SP500	49023.76	49915.73	47165.65	4204.11	4199270000
9/28/2021	May	SP500	49103.01	49935.09	47231	4134.98	4235040000
9/28/2021	May	SP500	49221.07	50362.35	47322.97	49221.07	4250.47
9/29/2021	May	SP500	49249.56	50412	47335.2	4181.17	4273680000
9/29/2021	May	SP500	49263.44	50517.99	47372.35	4211.47	4288940000
9/30/2021	May	SP500	49320.94	50540.19	47438.15	3940.59	4311380000
9/30/2021	May	SP500	49333.66	50545.41	47613.93	4134.94	4338230000
10/1/2021	May	SP500	49350	50602.34	47614.3	42688.03	4373.38
10/1/2021	May	SP500	49485	50754.39	47800	42650	4398.27
10/2/2021	Nov	SP500	49567.4	50808.48	47818.86	50329.66	4415.7
10/3/2021	Nov	SP500	49587.2	51046.11	47819.28	4164.66	4441080000
10/4/2021	Nov	SP500	49596.74	51150.01	47844.03	3799.61	4450500000
10/4/2021	Nov	SP500	49597.23	51156.95	47948.07	47989.58	446.77
10/5/2021	Nov	SP500	49610.32	51269.82	48063.36	3943.34	4469240000
10/5/2021	Nov	SP500	49649.93	51294.26	48071.03	3853.07	4484460000
10/6/2021	Nov	SP500	49670.85	51380.03	48072.35	36549.31	4503.99
10/6/2021	Nov	SP500	49692.22	51389.95	48107.99	4201.62	4504860000
10/7/2021	Nov	SP500	49705.21	51442.01	48113.83	46490.38	4513.57
10/7/2021	Nov	SP500	49721.97	51481.04	48281.42	55351	453.44
10/8/2021	Nov	SP500	49821.79	51533.71	48358.88	3974.12	4541620000
10/8/2021	Nov	SP500	50162.48	51575.16	48490.81	3851.85	4551790000
10/9/2021	Nov	SP500	50195.42	51832.15	48565.58	3911.23	4554610000
10/10/2021	Nov	SP500	50266.89	51866.86	48669.68	3972.89	4564980000
10/11/2021	Nov	SP500	50289.05	51927.83	48697.28	3916.38	4570080000
10/11/2021	Nov	SP500	50292.02	51962.68	48755.01	4192.85	4579450000
10/12/2021	Nov	SP500	50329.66	51982.66	48800	3726.86	4582620000
10/12/2021	Nov	SP500	50493.11	52074	48894.79	3809.84	4590420000
10/13/2021	Nov	SP500	50591.21	52104.93	49108.3	31203.46	4603.92
10/13/2021	Nov	SP500	50872.31	52294.87	49135.73	3962.71	4604870000
10/14/2021	Nov	SP500	50965.74	52344	49164.23	33864.01	4614.55
10/14/2021	Nov	SP500	51012.43	52567.77	49241.34	3971.09	4619840000
10/15/2021	Nov	SP500	51036.12	52644.42	49300.01	3915.59	4635030000
10/15/2021	Nov	SP500	51067.84	52668.45	49414.36	3910.52	4645340000
10/16/2021	Nov	SP500	51241.23	52737.2	49460.66	38388.09	4706.08
10/17/2021	Nov	SP500	51561.6	52744.48	49505.43	3931.33	4718280000
10/18/2021	Nov	SP500	51638.18	52938.78	49509.47	3824.68	4764180000
10/18/2021	Nov	SP500	51847.25	53234.52	49656.65	3889.14	4766990000
10/19/2021	Nov	SP500	52055.9	54126	50086	3913.97	4773430000
10/19/2021	Nov	SP500	52068.01	54419.57	50387.01	40570.98	4778.04
10/20/2021	November	SP500	52152.85	54755.36	50410	3909.88	4815380000
10/20/2021	November	SP500	52435.9	55231.53	50461.08	3906.71	4823940000
10/21/2021	November	SP500	52450.8	55320.8	50500	3886.83	4838580000
10/21/2021	November	SP500	52663.45	55486.87	50622.32	3830.17	4846900000
10/22/2021	November	SP500	53466.19	55499.99	50906	3871.74	4856670000
10/22/2021	November	SP500	53508.08	55627.21	51003.37	4208.12	4860930000
10/23/2021	November	SP500	53531.94	55800	51533.89	3968.94	4882190000
10/24/2021	November	SP500	53750.01	55800	51619.3	51036.12	489.24
10/25/2021	November	SP500	53826.69	55847.68	52096.87	37613.11	4925
10/25/2021	November	SP500	53931.34	55903.62	52205.36	3909.52	4940800000
10/26/2021	November	SP500	54161.85	56150.58	52389.42	4567	4950190000
10/26/2021	November	SP500	54255.04	56373	52600	3801.19	4977210000
10/27/2021	November	SP500	54312.41	56474.72	52947.09	40773.52	4981.39
10/27/2021	November	SP500	54375.12	56576.23	53000	3798.91	4982940000
10/28/2021	November	SP500	54409.03	56605.6	53049	47745.99	500.98
10/28/2021	November	SP500	54586.65	56624.33	53140.76	3700.65	5006680000
10/29/2021	November	SP500	54588	56651.47	53158.68	36851.52	5021.11
10/29/2021	November	SP500	54710.81	56659.5	53176.36	3932.59	5037360000
10/30/2021	November	SP500	54804.02	56759.01	53238.69	3901.82	5071540000
10/31/2021	November	SP500	54832.2	57145.34	53333.33	3841.47	5080430000
11/1/2021	November	SP500	54838.9	57185.78	53345.62	3803.79	5080870000
11/1/2021	Oct	SP500	54883.25	57245	53366	32898.06	5149.19
11/2/2021	Oct	SP500	55043.76	57277.92	53416.76	3795.54	5180140000
11/2/2021	Oct	SP500	55194.75	57400	53434.31	4200.88	5201110000
11/3/2021	Oct	SP500	55255.57	57404.04	53529	33804.23	5245.77
11/3/2021	Oct	SP500	55351	57500	53589	65744.18	528.5
11/4/2021	Oct	SP500	55511.37	57624.66	53606.41	3939.34	5300010000
11/4/2021	Oct	SP500	55548.73	57673.58	53655	3768.25	5353060000
11/5/2021	Oct	SP500	55761.1	57688.88	53733.67	51847.25	5371.31
11/5/2021	Oct	SP500	55762.28	57882.26	53739.8	56547.4	538.94
11/6/2021	Oct	SP500	55911.16	57898	53750.01	3773.86	5392870000
11/7/2021	Oct	SP500	55914.43	57959.22	53760	61226	543.68
11/8/2021	Oct	SP500	55971.68	57974.07	53861.12	48267.19	544.26
11/8/2021	Oct	SP500	55992.97	57998.26	53911.79	3974.54	5467850000
11/9/2021	Oct	SP500	56094.03	58000	53990	49249.56	5486.89
11/9/2021	Oct	SP500	56289.06	58043.76	54000	3870.29	5493690000
11/10/2021	Oct	SP500	56362.19	58120	54115.27	3826.31	5495370000
11/10/2021	Oct	SP500	56380.25	58164.58	54144.95	3875.44	5496340000
11/11/2021	Oct	SP500	56423.5	58265.2	54250	54161.85	556.51
11/11/2021	Oct	SP500	56520.58	58276.58	54281.74	50872.31	558.12
11/12/2021	Oct	SP500	56541.2	58293.35	54376.52	4620.64	5609780000
11/12/2021	Oct	SP500	56547.4	58400	54654.65	4432.99	5622210000
11/13/2021	Oct	SP500	56559.59	58430.77	54684	40279.03	5661.85
11/14/2021	Oct	SP500	56705.84	58445.36	54711.01	31547.22	572.89
11/15/2021	Oct	SP500	56710	58465.93	54889.09	39848.44	5729.11
11/15/2021	Oct	SP500	56900.44	58481.6	55050	38474.78	5743.52
11/16/2021	Oct	SP500	56975.38	58500.02	55200	44824.75	5764.37
11/16/2021	Oct	SP500	57111.63	58500.94	55292.22	31514.54	5779.14
11/17/2021	Oct	SP500	57155.81	58553.71	55384	3898.81	5827250000
11/17/2021	Oct	SP500	57163.87	58675.79	55450	3821.35	5852240000
11/18/2021	Oct	SP500	57175.61	58750	55500	3876.5	5870190000
11/18/2021	Oct	SP500	57400.61	58903.31	55648.53	35435.13	5913.67
11/19/2021	October	SP500	57404.47	58988.52	55800	3925.43	5942350000
11/19/2021	October	SP500	57440.38	59028.19	55838.77	46653.5	5944.37
11/20/2021	October	SP500	57479.64	59042	55856.95	3849.62	6029090000
11/21/2021	October	SP500	57551.47	59105.91	55860.02	3748.14	6049970000
11/22/2021	October	SP500	57557.71	59170	55899	4166.45	6084980000
11/22/2021	October	SP500	57756.25	59226.98	55930.25	3819.72	6150790000
11/23/2021	October	SP500	57793.71	59385	56000	49333.66	623.86
11/23/2021	October	SP500	57820	59448.39	56104.4	4280.7	6248390000
11/24/2021	October	SP500	57833.32	59450	56239.55	57952.35	628.99
11/24/2021	October	SP500	57934.16	59468.95	56275.13	3881.37	6280650000
11/25/2021	October	SP500	57952.35	59476.65	56284.51	50493.11	6438.29
11/26/2021	October	SP500	57970.74	59481.34	56370.7	60325.66	644.47
11/26/2021	October	SP500	58014.19	59560	56408.62	34670	647.93
11/27/2021	October	SP500	58073.82	59567.59	56500	57440.38	649.59
11/28/2021	October	SP500	58187.76	59581.52	56734.49	3811.15	6512950000
11/29/2021	October	SP500	58272.25	59584.99	56807.96	3829.34	6513060000
11/29/2021	October	SP500	58428.9	59800	56810.28	57970.74	653.63
11/30/2021	October	SP500	58545.16	59851.52	56880	3714.24	6612570000
11/30/2021	October	SP500	58596.83	59880	57024.4	50965.74	6641.9
12/1/2021	October	SP500	58621.67	59886.11	57042.53	46709.08	670.52
12/1/2021	October	SP500	58638.14	59950	57049.07	47854.23	671.36
12/2/2021	Sep	SP500	58687.36	60061.89	57051.76	3841.94	6842570000
12/2/2021	Sep	SP500	58741.06	60099.99	57255	45311.46	685.32
12/3/2021	Sep	SP500	58884.7	60100	57442	42461.13	687.36
12/3/2021	Sep	SP500	59050.45	60106.3	57469.36	3787.38	6937960000
12/4/2021	Sep	SP500	59143.58	60416.42	57500	3855.36	6955860000
12/5/2021	Sep	SP500	59160	60561.59	57507.61	55043.76	707.72
12/6/2021	Sep	SP500	59251.04	60976.25	57583.09	3768.47	7142240000
12/6/2021	Sep	SP500	59407.55	61180	57689.72	35318.86	7143.1
12/7/2021	Sep	SP500	59407.78	61197.09	57946.28	33029.77	7153.94
12/7/2021	Sep	SP500	59800	61500	58100	48545.38	726.8
12/8/2021	Sep	SP500	59885.21	61500.82	58316.33	30943.32	7290.52
12/8/2021	Sep	SP500	59947.01	61558.53	58434.8	56094.03	730.37
12/9/2021	Sep	SP500	60240.83	61743.51	58485.68	36963.52	7491.23
12/9/2021	Sep	SP500	60325.66	61768	58573	62199.69	758.38
12/10/2021	Sep	SP500	60362.18	61785	58750	59251.04	760.64
12/10/2021	Sep	SP500	60415.91	62223.14	58768.79	47899.79	761.86
12/11/2021	Sep	SP500	60728	62338.16	58937.03	58014.19	762.92
12/12/2021	Sep	SP500	60944.13	62366.08	59200	32169.82	765.31
12/13/2021	Sep	SP500	61133.24	62487.97	59400.01	48331.11	766.72
12/13/2021	Sep	SP500	61144.42	62490	59490.18	3913.1	7725050000
12/14/2021	Sep	SP500	61172.03	62508.87	59505	33289.13	7733.43
12/14/2021	Sep	SP500	61226	62545.78	59648.91	57833.32	774.22
12/15/2021	Sep	SP500	61234.9	62552.73	59731.57	58741.06	777.79
12/15/2021	Sep	SP500	61354.75	62858.83	59850	48899.75	779.55
12/16/2021	Sep	SP500	61624.84	62898	59926.13	57551.47	781.35
12/16/2021	Sep	SP500	61669.43	62973.38	60000	34192.14	785.46
12/17/2021	Sep	SP500	61706.36	62978	60055.14	57400.61	790.75
12/17/2021	Sep	SP500	61719.1	62998.68	60110	33420.84	803.55
12/18/2021	Sep	SP500	62091.93	63102.8	60120	34452.39	816.86
12/19/2021	Sep	SP500	62100	63547.54	60174.14	57557.71	834.45
12/20/2021	September	SP500	62199.69	63703.3	60321.12	58638.14	845.18
12/20/2021	September	SP500	62249.6	63745.62	60367	62091.93	848.7
12/21/2021	September	SP500	62450	63855.12	60503	45553.62	860.71
12/21/2021	September	SP500	62469.83	63880	60696.52	61144.42	864.57
12/22/2021	September	SP500	62600	64000	60724.16	47509.65	864.8
12/22/2021	September	SP500	62765.47	64319	60777.3	47779.8	881.67
12/23/2021	September	SP500	62998.68	64498.12	61124.5	49485	885.44
12/23/2021	September	SP500	63063.72	64900	61303.97	65235.2	892.82
12/24/2021	September	SP500	63243.4	65071.49	61312	44619.12	893.38
12/25/2021	September	SP500	63257.57	65338.87	61418.02	49821.79	896.04
12/26/2021	September	SP500	63773.18	65587	61537.32	62100	929.51
12/27/2021	September	SP500	63805.12	65680	61822.81	59160	930.34
12/27/2021	September	SP500	63870.2	66200	62045	47151.91	933.28
12/28/2021	September	SP500	64673.28	66340.74	62875	58621.67	933.97
12/28/2021	September	SP500	64785.34	66643.14	62927.97	32500	942
12/29/2021	September	SP500	64857.63	66994.72	63409.49	49721.97	943.26
12/29/2021	September	SP500	65077.99	68529.52	63540.51	47954.56	954.7
12/30/2021	September	SP500	65235.2	68534.11	63602.2	50289.05	974.81
12/30/2021	September	SP500	65744.18	69000	64121	59947.01	975.65
12/31/2021	September	SP500	66491.25	300000	65138	3750.77	9878040000
12/31/2021	September	SP500	68525.75		66262.48	47207.99	998.41
